codon,csc,dg_internal,dg_12,dg_23,gc_content,gc3
TTT,-0.096,-1.0,-1.0,-1.0,0.0,0
TTC,0.089,-1.15,-1.0,-1.3,0.3333333333333333,1
TTA,-0.145,-0.79,-1.0,-0.58,0.0,0
TTG,-0.027,-1.225,-1.0,-1.45,0.3333333333333333,1
CTT,-0.012,-1.1400000000000001,-1.28,-1.0,0.3333333333333333,0
CTC,0.078,-1.29,-1.28,-1.3,0.6666666666666666,1
CTA,-0.09,-0.9299999999999999,-1.28,-0.58,0.3333333333333333,0
CTG,0.049,-1.365,-1.28,-1.45,0.6666666666666666,1
ATT,-0.06,-0.94,-0.88,-1.0,0.0,0
ATC,0.085,-1.09,-0.88,-1.3,0.3333333333333333,1
ATA,-0.139,-0.73,-0.88,-0.58,0.0,0
ATG,0.03,-1.165,-0.88,-1.45,0.3333333333333333,1
GTT,-0.041,-1.22,-1.44,-1.0,0.3333333333333333,0
GTC,0.073,-1.37,-1.44,-1.3,0.6666666666666666,1
GTA,-0.117,-1.01,-1.44,-0.58,0.3333333333333333,0
GTG,0.029,-1.4449999999999998,-1.44,-1.45,0.6666666666666666,1
TCT,-0.018,-1.29,-1.3,-1.28,0.3333333333333333,0
TCC,0.082,-1.57,-1.3,-1.84,0.6666666666666666,1
TCA,-0.069,-1.375,-1.3,-1.45,0.3333333333333333,0
TCG,0.037,-1.7349999999999999,-1.3,-2.17,0.6666666666666666,1
AGT,-0.067,-1.3599999999999999,-1.28,-1.44,0.3333333333333333,0
AGC,0.055,-1.725,-1.28,-2.17,0.6666666666666666,1
CCT,0.003,-1.56,-1.84,-1.28,0.6666666666666666,0
CCC,0.071,-1.84,-1.84,-1.84,1.0,1
CCA,-0.032,-1.645,-1.84,-1.45,0.6666666666666666,0
CCG,0.028,-2.005,-1.84,-2.17,1.0,1
ACT,-0.014,-1.3599999999999999,-1.44,-1.28,0.3333333333333333,0
ACC,0.076,-1.6400000000000001,-1.44,-1.84,0.6666666666666666,1
ACA,-0.059,-1.4449999999999998,-1.44,-1.45,0.3333333333333333,0
ACG,0.025,-1.805,-1.44,-2.17,0.6666666666666666,1
GCT,0.01,-1.725,-2.17,-1.28,0.6666666666666666,0
GCC,0.071,-2.005,-2.17,-1.84,1.0,1
GCA,-0.044,-1.81,-2.17,-1.45,0.6666666666666666,0
GCG,0.02,-2.17,-2.17,-2.17,1.0,1
TAT,-0.088,-0.73,-0.58,-0.88,0.0,0
TAC,0.075,-1.01,-0.58,-1.44,0.3333333333333333,1
CAT,-0.052,-1.165,-1.45,-0.88,0.3333333333333333,0
CAC,0.065,-1.4449999999999998,-1.45,-1.44,0.6666666666666666,1
CAA,-0.042,-1.225,-1.45,-1.0,0.3333333333333333,0
CAG,0.05,-1.365,-1.45,-1.28,0.6666666666666666,1
AAT,-0.073,-0.94,-1.0,-0.88,0.0,0
AAC,0.061,-1.22,-1.0,-1.44,0.3333333333333333,1
AAA,-0.068,-1.0,-1.0,-1.0,0.0,0
AAG,0.051,-1.1400000000000001,-1.0,-1.28,0.3333333333333333,1
GAT,-0.039,-1.09,-1.3,-0.88,0.3333333333333333,0
GAC,0.059,-1.37,-1.3,-1.44,0.6666666666666666,1
GAA,-0.033,-1.15,-1.3,-1.0,0.3333333333333333,0
GAG,0.04,-1.29,-1.3,-1.28,0.6666666666666666,1
TGT,-0.045,-1.4449999999999998,-1.45,-1.44,0.3333333333333333,0
TGC,0.052,-1.81,-1.45,-2.17,0.6666666666666666,1
TGG,0.011,-1.645,-1.45,-1.84,0.6666666666666666,1
CGT,0.005,-1.805,-2.17,-1.44,0.6666666666666666,0
CGC,0.056,-2.17,-2.17,-2.17,1.0,1
CGA,-0.02,-1.7349999999999999,-2.17,-1.3,0.6666666666666666,0
CGG,0.019,-2.005,-2.17,-1.84,1.0,1
AGA,-0.051,-1.29,-1.28,-1.3,0.3333333333333333,0
AGG,-0.012,-1.56,-1.28,-1.84,0.6666666666666666,1
GGT,-0.008,-1.6400000000000001,-1.84,-1.44,0.6666666666666666,0
GGC,0.063,-2.005,-1.84,-2.17,1.0,1
GGA,-0.034,-1.57,-1.84,-1.3,0.6666666666666666,0
GGG,-0.005,-1.84,-1.84,-1.84,1.0,1
