gene,n_codons,n_windows,r_gc3_csc,r_dg_csc,r_interface_csc,r_dg_residual,p_dg_residual,r_gc3_residual,p_gc3_residual,r2_gc3_only,r2_gc3_plus_dg,delta_r2_adding_dg,r2_dg_only,delta_r2_adding_gc3
brca1,1864,186,0.8557771545613315,-0.6935999539666218,-0.8032516909585846,-0.35197743212821186,8.369838065034741e-07,0.6124791466152495,1.5511288487595782e-20,0.7323545382690891,0.7839429434172978,0.051588405148208616,0.4810808961424998,0.30286204727479793
tp53,394,39,0.8889569501901474,-0.4734608372243523,-0.7161539652081267,-0.22855183948810734,0.16167197636204483,0.7862497094709471,2.9985492718434667e-09,0.7902444592913682,0.8034789263525308,0.013234467061162603,0.2241651643851846,0.5793137619673462
pten,404,40,0.8466672770547772,-0.5364269238586662,-0.7773602626971282,-0.45083323768528943,0.0035059504454381966,0.7806113569049573,2.8439653804701047e-09,0.7168454780353508,0.7824430813593697,0.06559760332401887,0.28775384464047127,0.49468923671889853
palb2,1187,118,0.8469353421285828,-0.6964923505599858,-0.7887179187337687,-0.45499130498511736,2.2644057445648172e-07,0.6593238762501227,4.75159052753399e-16,0.7172994737464596,0.799504970701298,0.08220549695483836,0.4851015943885742,0.3144033763127238
cftr,1481,148,0.8703251948894765,-0.6857028638180374,-0.8250161493806822,-0.3761254127532418,2.463397931588179e-06,0.6539805276657321,2.0261439433126347e-19,0.7574659448594052,0.8087280612846836,0.05126211642527834,0.4701884174482579,0.33853964383642565
hbb,148,14,0.8806383586960673,-0.655568913122911,-0.8749267328588707,-0.41671661187253684,0.1382719354745118,0.7145642837463269,0.004083195268987585,0.7755239188069033,0.8289690759769539,0.053445157170050606,0.4297705998531548,0.3991984761237992
mecp2,487,48,0.8857339594426912,-0.576463216053176,-0.7422903897842259,-0.33511274463088897,0.019896286112355534,0.748718452645529,9.40369819371808e-10,0.7845246469100269,0.8157809776622448,0.0312563307522179,0.33230983946237064,0.48347113819987414
scn1a,1999,199,0.889847701767794,-0.6219539436757906,-0.803619773630692,-0.369034336210204,8.157825299000591e-08,0.7315220347993151,1.320427494636571e-34,0.7918289323414249,0.8301305737337392,0.03830164139231429,0.3868267080538685,0.44330386567987073
pah,453,45,0.7934038919176596,-0.6521691276924525,-0.7824897554002924,-0.42934224265273485,0.003249580458581257,0.6228230631478606,4.906144962551263e-06,0.6294897357100893,0.7196703819469106,0.09018064623682132,0.4253245711151344,0.2943458108317763
