length_nt,n_codons,gc_content,gc3,csc_mean,dg_mean_sl,dg_std_sl,dg_mean_turner,mfe_mean,mfe_per_nt,gene,variant,halflife_h,tpm_gtex
5592,1864,0.41219599427753933,0.35890557939914164,-0.0154656652360515,-1.3000679542203148,0.2935056852928888,-1.978765200286123,-22.36413043478261,-0.18636775362318841,brca1,native,6.2,8.5
4443,1481,0.4152599594868332,0.4226873733963538,-0.011265361242403783,-1.3054557731262662,0.3026390793459798,-1.979871708305199,-23.904109562913032,-0.19920091302427526,cftr,native,4.0,0.5
444,148,0.5608108108108109,0.6554054054054054,0.021513513513513514,-1.4621171171171172,0.2875071871796899,-2.31893018018018,-38.61666615804037,-0.32180555131700306,hbb,native,24.0,950.0
1461,487,0.5989048596851472,0.6796714579055442,0.02083778234086242,-1.5033607118412045,0.3184869139808461,-2.357162902121834,-33.721739229948625,-0.2810144935829052,mecp2,native,7.5,12.0
1359,453,0.47167034584253126,0.5275938189845475,0.0056467991169977935,-1.3695364238410594,0.3082717950009338,-2.1032413539367183,-25.4857143674578,-0.21238095306214833,pah,native,5.0,2.0
3561,1187,0.42628475147430495,0.35299073294018535,-0.014614995787700083,-1.316543105869138,0.2968313403324388,-2.002570907048582,-23.453448394249225,-0.1954454032854102,palb2,native,5.5,5.2
1212,404,0.3844884488448845,0.3564356435643564,-0.018759900990099013,-1.2723679867986797,0.3003504606941386,-1.9171328382838284,-19.836841884412262,-0.1653070157034355,pten,native,8.0,28.0
5997,1999,0.4208771052192763,0.4452226113056528,-0.007038019009504752,-1.314578956144739,0.3046168867630752,-1.9916983491745872,-23.92653062392254,-0.1993877551993545,scn1a,native,3.0,1.2
1182,394,0.5685279187817259,0.6243654822335025,0.01839340101522843,-1.469864636209814,0.3101176409361317,-2.304310490693739,-33.46666664547391,-0.27888888871228257,tp53,native,2.5,35.0
